66.785,13.944,24.359,82.299,12.164,28.599,98.174,7.7893,23.057,66.281,7.0708,19.284,72.622,4.7875,16.065,76.177,-1.9973,10.923,84.311,4.0922,15.487,85.595,-3.4784,12.058,83.166,-4.7281,13.553
66.341,13.899,24.386,81.977,12.19,28.504,97.846,7.8029,23.025,65.84,7.0805,19.323,72.171,4.974,16.058,75.725,-1.856,10.957,84.078,4.0696,15.299,85.598,-3.4824,12.032,83.274,-4.7007,13.418
65.864,13.87,24.4,81.612,12.184,28.438,97.455,7.8032,23.088,65.356,7.104,19.348,71.751,5.1556,16.024,75.295,-1.7,11.007,83.834,4.0485,15.064,85.602,-3.4821,11.995,83.165,-4.729,13.495
65.396,13.835,24.473,81.153,12.16,28.462,97.032,7.8014,23.202,64.883,7.1309,19.368,71.291,5.3654,15.989,74.819,-1.5063,10.937,83.584,4.0274,14.863,85.601,-3.483,11.962,83.255,-4.7371,13.325
64.948,13.792,24.516,80.722,12.126,28.502,96.603,7.8098,23.333,64.42,7.1861,19.321,70.825,5.5537,15.988,74.347,-1.3089,10.858,83.372,3.968,14.704,85.593,-3.4863,11.937,83.124,-4.8556,13.458
64.47,13.747,24.532,80.28,12.103,28.492,96.194,7.8276,23.429,63.954,7.2082,19.367,70.369,5.7819,15.927,73.847,-1.087,10.728,83.128,3.9451,14.465,85.581,-3.4877,11.883,83.123,-4.8571,13.422
64.034,13.702,24.572,79.862,12.08,28.493,95.778,7.8196,23.535,63.47,7.2434,19.416,69.879,6.0118,15.91,73.319,-0.85691,10.662,82.886,3.9149,14.204,85.568,-3.4918,11.857,83.123,-4.8575,13.379
63.556,13.658,24.661,79.458,12.055,28.431,95.399,7.8204,23.592,62.993,7.3071,19.398,69.391,6.2341,15.89,72.776,-0.63001,10.535,82.694,3.8674,14.087,85.556,-3.4925,11.834,83.117,-4.8492,13.307
63.091,13.604,24.73,79.046,12.007,28.442,95.037,7.828,23.629,62.533,7.3524,19.386,68.911,6.4898,15.82,72.211,-0.37541,10.344,82.494,3.8209,13.877,85.543,-3.4942,11.807,82.886,-4.8791,13.504
62.633,13.571,24.762,78.657,11.965,28.445,94.682,7.8228,23.651,62.066,7.4105,19.394,68.411,6.7448,15.774,71.644,-0.11621,10.208,82.325,3.7611,13.715,85.527,-3.4931,11.752,82.781,-4.9457,13.582
62.152,13.529,24.813,78.251,11.924,28.466,94.335,7.8338,23.713,61.58,7.4684,19.431,67.902,7.0194,15.744,71.051,0.16468,10.062,82.153,3.6826,13.594,85.514,-3.4901,11.729,82.762,-4.9358,13.554
61.695,13.46,24.888,77.824,11.888,28.453,93.915,7.831,23.833,61.091,7.5417,19.416,67.407,7.2626,15.71,70.445,0.46578,9.9343,82.019,3.609,13.509,85.477,-3.5012,11.74,82.711,-4.9061,13.575
61.239,13.408,24.96,77.446,11.862,28.424,93.503,7.8301,23.944,60.602,7.599,19.423,66.906,7.533,15.636,69.788,0.80045,9.6898,81.919,3.5205,13.401,85.466,-3.4974,11.721,82.741,-4.8828,13.51
60.767,13.357,25.043,77.014,11.778,28.449,93.09,7.8235,24.052,60.106,7.6865,19.418,66.406,7.787,15.58,69.147,1.1176,9.4881,81.758,3.4365,13.235,85.455,-3.4941,11.693,82.757,-4.8958,13.437
60.33,13.293,25.097,76.572,11.714,28.443,92.675,7.8189,24.171,59.613,7.7622,19.44,65.847,8.0884,15.562,68.474,1.4904,9.1978,81.598,3.3678,13.05,85.444,-3.4866,11.648,82.744,-4.8866,13.419
59.888,13.233,25.143,76.157,11.651,28.485,92.265,7.816,24.286,59.107,7.8322,19.447,65.274,8.3928,15.536,67.793,1.8618,9.1099,81.459,3.2843,12.884,85.438,-3.4872,11.626,82.73,-4.881,13.399
59.434,13.181,25.162,75.762,11.582,28.472,91.913,7.8065,24.324,58.695,7.9431,19.328,64.682,8.6959,15.521,67.085,2.2596,8.8295,81.322,3.204,12.73,85.429,-3.4813,11.612,82.713,-4.8731,13.374
59,13.133,25.207,75.36,11.527,28.418,91.584,7.8016,24.365,58.209,8.0561,19.282,64.112,8.9666,15.486,66.345,2.6972,8.6104,81.201,3.1453,12.569,85.42,-3.4812,11.596,82.7,-4.8658,13.354
58.537,13.095,25.278,75,11.469,28.389,91.235,7.7863,24.391,57.701,8.1212,19.349,63.473,9.2938,15.452,65.577,3.1173,8.3824,81.071,3.0659,12.411,85.414,-3.4784,11.576,82.77,-4.8274,13.238
58.073,13.053,25.353,74.576,11.399,28.377,90.887,7.7713,24.417,57.196,8.2197,19.403,62.816,9.5874,15.458,64.791,3.5373,8.1866,80.971,3.0514,11.948,85.403,-3.4801,11.554,82.68,-4.8563,13.325
57.66,13.002,25.387,74.149,11.313,28.373,90.555,7.7625,24.43,56.678,8.3148,19.365,62.131,9.905,15.487,63.958,3.9811,7.9767,80.879,2.9766,11.797,85.395,-3.4773,11.509,82.668,-4.8501,13.307
57.232,12.972,25.43,73.717,11.216,28.364,90.214,7.738,24.457,56.233,8.2963,18.953,61.467,10.203,15.498,63.1,4.4149,7.7987,80.81,2.88,11.722,85.39,-3.4798,11.496,82.659,-4.8475,13.294
56.773,12.938,25.498,73.336,11.159,28.284,89.87,7.7188,24.525,55.697,8.444,18.86,61.205,10.203,15.287,62.196,4.8596,7.5977,80.754,2.7991,11.614,85.385,-3.4903,11.485,82.651,-4.8482,13.278
56.323,12.916,25.554,73,11.106,28.22,89.511,7.6912,24.569,55.174,8.6149,18.78,60.632,10.451,15.21,61.263,5.2837,7.4081,80.706,2.7219,11.515,85.388,-3.4919,11.467,82.672,-4.8684,13.212
55.904,12.892,25.583,72.622,11.048,28.189,89.149,7.6578,24.618,54.603,8.7451,18.746,59.971,10.723,15.14,60.305,5.7035,7.2765,80.669,2.6304,11.433,85.387,-3.5002,11.454,82.67,-4.8713,13.206
55.489,12.868,25.609,72.218,10.981,28.147,88.744,7.6284,24.736,54.073,8.9374,18.665,59.31,10.959,15.154,59.387,6.1032,7.2043,80.64,2.5586,11.358,85.39,-3.5058,11.442,82.667,-4.8731,13.201
55.087,12.836,25.631,71.792,10.899,28.144,88.331,7.6055,24.873,53.664,8.8157,18.989,58.605,11.224,15.13,58.333,6.5354,7.0769,80.642,2.4386,11.336,85.391,-3.5135,11.428,82.665,-4.876,13.195
54.689,12.809,25.645,71.458,10.883,27.995,87.936,7.5752,25.034,53.085,8.848,18.892,57.844,11.483,15.173,57.299,6.9179,7.025,80.633,2.3604,11.301,85.393,-3.5196,11.421,82.664,-4.8779,13.192
54.277,12.797,25.661,71.117,10.856,27.883,87.542,7.5535,25.198,52.451,9.0463,18.687,57.101,11.692,15.259,56.283,7.2862,6.9948,80.588,2.3148,11.129,85.399,-3.5243,11.408,82.663,-4.8808,13.189
53.841,12.8,25.696,70.727,10.8,27.794,87.139,7.5254,25.318,52.164,9.0215,19.55,56.346,11.912,15.273,55.22,7.6567,6.9398,80.511,2.2334,11.017,85.401,-3.5302,11.398,82.625,-4.9043,13.24
53.437,12.801,25.693,70.324,10.744,27.751,86.734,7.4846,25.423,51.692,9.1248,19.695,55.626,12.072,15.394,54.134,8.0026,6.9043,80.481,2.1608,10.948,85.402,-3.5372,11.389,82.572,-4.9601,13.284
53.02,12.8,25.721,69.951,10.709,27.689,86.393,7.4733,25.45,51.057,9.2761,19.659,54.881,12.276,15.473,53.056,8.3158,6.8279,80.445,2.085,10.88,85.408,-3.5397,11.384,82.56,-4.9996,13.278
52.624,12.803,25.736,69.59,10.676,27.625,86.046,7.4482,25.474,50.48,9.2922,19.569,54.14,12.467,15.546,51.952,8.6135,6.9765,80.416,2.0374,10.822,85.41,-3.5447,11.379,82.561,-5.0025,13.279
52.198,12.813,25.783,69.275,10.684,27.494,85.737,7.4324,25.49,50.06,9.4099,19.503,53.439,12.647,15.511,50.857,8.8968,7.1314,80.379,1.9581,10.752,85.412,-3.5485,11.373,82.562,-5.0045,13.28
51.876,12.793,25.741,68.949,10.698,27.303,85.382,7.45,25.535,49.437,9.6155,19.356,52.77,12.798,15.508,49.762,9.169,7.2206,80.323,1.9209,10.659,85.414,-3.553,11.37,82.564,-5.0078,13.281
51.705,12.678,25.628,68.579,10.689,27.174,85,7.4303,25.601,48.946,9.7235,19.439,52.11,12.93,15.504,48.655,9.4182,7.296,80.287,1.8437,10.599,85.417,-3.5556,11.37,82.565,-5.0087,13.282
51.347,12.711,25.64,68.237,10.709,27.01,84.608,7.4086,25.681,48.771,9.3444,19.822,51.41,13.094,15.475,47.545,9.662,7.3817,80.26,1.793,10.539,85.421,-3.5564,11.36,82.735,-4.812,13.148
50.976,12.726,25.634,67.888,10.694,26.92,84.27,7.4277,25.69,48.18,9.6025,19.671,50.708,13.257,15.419,46.468,9.8387,7.6525,80.24,1.7493,10.493,85.421,-3.5565,11.323,82.6,-4.8977,13.293
50.589,12.751,25.65,67.492,10.657,26.869,83.924,7.4458,25.701,47.727,9.6443,19.715,50.021,13.377,15.421,45.331,10.052,7.8336,80.23,1.7334,10.334,85.419,-3.5576,11.321,82.587,-4.9356,13.288
50.219,12.783,25.639,67.119,10.657,26.746,83.576,7.4625,25.715,46.631,9.3463,20.807,49.392,13.429,15.459,44.219,10.235,8.065,80.237,1.7222,10.331,85.419,-3.552,11.313,82.641,-4.9746,13.174
49.846,12.821,25.618,66.806,10.71,26.561,83.234,7.4731,25.748,46.367,9.539,20.683,48.784,13.469,15.479,43.131,10.379,8.3737,80.217,1.6879,10.307,85.417,-3.5494,11.31,82.649,-4.9347,13.173
49.48,12.857,25.624,66.496,10.747,26.433,82.882,7.4893,25.755,45.931,9.6415,20.68,48.121,13.51,15.446,42.061,10.562,8.6594,80.2,1.6636,10.279,85.417,-3.5434,11.302,82.646,-4.9313,13.169
49.093,12.895,25.665,66.159,10.784,26.342,82.528,7.5036,25.754,45.506,9.709,20.64,47.397,13.59,15.377,41.19,10.537,9.3114,80.124,1.6185,10.191,85.411,-3.5353,11.311,82.643,-4.9279,13.166
48.76,12.939,25.683,65.677,10.823,26.374,82.168,7.5265,25.757,45.113,9.8462,20.622,46.653,13.731,15.282,40.197,10.636,9.7154,80.037,1.5741,10.119,85.413,-3.5268,11.304,82.639,-4.9243,13.161
48.406,12.982,25.668,65.354,10.873,26.269,81.801,7.5573,25.778,44.514,9.8001,20.844,45.902,13.813,15.259,39.153,10.715,9.5534,80.007,1.5302,10.112,85.409,-3.519,11.303,82.463,-5.0235,13.357
48.04,13.027,25.682,65.014,10.9,26.157,81.455,7.6029,25.775,43.92,9.9611,20.923,45.217,13.844,15.238,38.185,10.975,9.6686,79.988,1.5078,10.11,85.404,-3.5117,11.306,82.446,-5.0533,13.346
47.66,13.093,25.709,64.65,10.94,26.056,81.108,7.6383,25.767,43.222,9.8408,21.167,44.542,13.895,15.213,37.244,10.974,10.039,79.962,1.4851,10.085,85.404,-3.5,11.299,82.414,-5.075,13.362
47.322,13.147,25.74,64.303,10.973,25.983,80.759,7.6945,25.758,42.731,9.9047,21.239,43.913,13.868,15.237,36.561,10.918,10.653,79.924,1.4615,10.112,85.399,-3.4884,11.299,82.407,-5.0628,13.359
46.965,13.22,25.751,63.995,11.058,25.858,80.415,7.7396,25.746,42.339,9.9178,21.188,43.279,13.842,15.251,35.62,10.979,10.932,79.887,1.4517,10.099,85.397,-3.4731,11.295,82.401,-5.0545,13.36
46.592,13.292,25.785,63.68,11.153,25.7,80.043,7.782,25.767,41.925,10.016,21.155,42.715,13.792,15.333,34.725,10.943,11.177,79.86,1.4324,10.104,85.39,-3.4609,11.299,82.395,-5.0463,13.36
46.252,13.364,25.816,63.352,11.215,25.617,79.638,7.8135,25.82,41.563,10.099,21.123,42.022,13.808,15.281,33.925,10.876,11.475,79.819,1.4223,10.106,85.385,-3.4427,11.299,82.391,-5.0411,13.357
45.893,13.436,25.826,63.016,11.277,25.538,79.278,7.8688,25.809,41.181,10.161,21.133,41.355,13.787,15.233,33.037,10.735,11.817,79.761,1.4068,10.133,85.383,-3.4221,11.299,82.387,-5.0319,13.356
45.512,13.52,25.877,62.664,11.319,25.487,78.928,7.9039,25.794,40.82,10.282,21.098,40.699,13.808,15.24,32.24,10.642,12.199,79.72,1.3972,10.126,85.373,-3.3982,11.313,82.383,-5.0188,13.347
45.184,13.606,25.903,62.329,11.392,25.41,78.581,7.9539,25.775,40.507,10.389,20.992,40.016,13.784,15.252,31.751,10.6,13.104,79.674,1.3966,10.157,85.363,-3.3784,11.314,82.376,-5.0031,13.34
44.844,13.688,25.884,61.982,11.485,25.287,78.232,8.0149,25.762,40.188,10.508,20.881,39.354,13.816,15.31,31.099,10.3,13.733,79.614,1.3935,10.201,85.331,-3.3667,11.343,82.365,-4.9846,13.338
44.492,13.772,25.891,61.663,11.572,25.2,77.878,8.0968,25.748,39.865,10.622,20.822,38.741,13.835,15.331,30.852,10.523,13.274,79.572,1.394,10.29,85.315,-3.3447,11.353,82.355,-4.9703,13.333
44.149,13.867,25.903,61.331,11.657,25.128,77.54,8.1619,25.716,39.351,10.61,20.945,38.139,13.859,15.354,29.971,10.663,13.286,79.503,1.4126,10.314,85.299,-3.3183,11.364,82.344,-4.956,13.329
43.796,13.949,25.947,61.012,11.753,25.035,77.268,8.2776,25.617,38.956,10.643,20.895,37.51,13.837,15.442,29.393,10.487,13.667,79.453,1.4103,10.415,85.29,-3.2804,11.37,82.321,-4.937,13.318
43.547,14.034,25.803,60.664,11.833,24.975,76.925,8.4005,25.605,38.287,10.638,21.212,37.102,13.901,15.279,28.85,10.437,13.871,79.365,1.4147,10.477,85.267,-3.2447,11.382,82.306,-4.9061,13.301
43.209,14.112,25.855,60.297,11.92,24.881,76.569,8.4566,25.602,38.031,10.768,21.118,36.524,13.944,15.35,28.228,10.319,13.994,79.271,1.4252,10.509,85.219,-3.2199,11.427,82.296,-4.8826,13.294
42.85,14.203,25.863,59.963,12.012,24.824,76.285,8.3993,25.662,37.549,10.756,21.278,35.986,13.945,15.385,27.693,10.227,14.207,78.982,1.5534,10.305,85.194,-3.1789,11.443,82.283,-4.8546,13.28
42.502,14.309,25.876,59.648,12.125,24.732,75.915,8.4655,25.666,37.116,10.821,21.35,35.424,13.948,15.497,27.186,10.143,14.329,78.887,1.5723,10.381,85.168,-3.1273,11.452,82.695,-5.0731,13.637
42.148,14.4,25.941,59.312,12.216,24.681,75.564,8.5489,25.64,36.665,10.892,21.435,34.918,13.945,15.543,26.734,10.088,14.406,78.789,1.6008,10.475,85.109,-3.0798,11.501,82.651,-5.1011,13.628
41.827,14.495,25.98,58.96,12.308,24.633,75.207,8.6202,25.63,36.28,10.954,21.502,34.444,13.94,15.521,26.279,9.9933,14.512,78.667,1.6239,10.523,85.072,-3.0237,11.512,82.651,-5.0995,13.62
41.483,14.586,25.965,58.613,12.392,24.586,74.845,8.7109,25.613,35.892,11.003,21.537,34.008,13.938,15.518,25.846,9.9154,14.678,78.539,1.6396,10.593,85.004,-2.9604,11.555,82.65,-5.0973,13.598
41.138,14.691,25.956,58.358,12.558,24.458,74.499,8.7829,25.603,35.491,11.092,21.558,33.556,13.921,15.529,25.437,9.8675,14.721,78.406,1.6516,10.678,84.954,-2.8848,11.555,82.862,-4.8052,12.857
40.797,14.798,25.973,58.045,12.686,24.367,74.15,8.8525,25.595,35.121,11.128,21.628,33.141,13.898,15.493,25.034,9.8053,14.57,78.258,1.6623,10.759,84.889,-2.8155,11.575,82.796,-4.7454,12.766
40.444,14.875,26.026,57.708,12.778,24.32,73.795,8.9397,25.568,34.747,11.181,21.672,32.74,13.859,15.466,24.666,9.7931,14.524,78.077,1.6733,10.845,84.809,-2.728,11.614,82.664,-4.623,12.576
40.121,14.964,26.064,57.2,12.759,24.44,73.438,9.0084,25.577,34.366,11.241,21.691,32.343,13.82,15.444,24.283,9.7541,14.472,77.916,1.6855,10.951,84.749,-2.623,11.615,82.588,-4.5175,12.446
39.77,15.056,26.065,56.837,12.824,24.411,73.062,9.0986,25.581,33.992,11.296,21.723,31.962,13.779,15.403,23.907,9.7127,14.428,77.717,1.7266,11.027,84.653,-2.5378,11.628,82.478,-4.479,12.314
39.419,15.161,26.061,56.49,12.929,24.366,72.697,9.1564,25.602,33.619,11.348,21.765,31.573,13.723,15.407,23.545,9.6863,14.37,77.537,1.7494,11.132,84.558,-2.422,11.658,82.719,-4.6368,12.613
39.072,15.249,26.136,56.115,13.006,24.367,72.344,9.2395,25.603,33.262,11.389,21.767,31.209,13.677,15.357,23.186,9.6448,14.346,77.322,1.7735,11.234,84.455,-2.3006,11.656,82.633,-4.5386,12.431
38.73,15.34,26.111,55.765,13.095,24.345,71.982,9.3193,25.608,32.897,11.435,21.823,30.851,13.632,15.289,22.86,9.6472,14.142,77.096,1.8382,11.317,84.321,-2.2693,11.733,82.538,-4.3954,12.224
38.384,15.434,26.103,55.428,13.208,24.297,71.63,9.4117,25.594,32.556,11.475,21.818,30.484,13.569,15.282,22.524,9.6367,13.979,76.888,1.8746,11.441,84.169,-2.1784,11.763,82.493,-4.4214,12.205
38.059,15.512,26.133,55.093,13.299,24.272,71.301,9.4832,25.595,32.207,11.513,21.846,30.147,13.506,15.244,22.195,9.6246,13.874,76.663,1.9311,11.528,84.032,-2.0532,11.754,82.414,-4.3263,12.113
37.744,15.582,26.172,54.743,13.389,24.264,70.969,9.5468,25.61,31.85,11.576,21.871,29.812,13.47,15.2,21.906,9.641,13.777,76.455,1.9557,11.658,83.862,-1.946,11.815,82.246,-4.288,12.011
37.392,15.68,26.15,54.411,13.467,24.292,70.589,9.6202,25.641,31.531,11.606,21.868,29.47,13.42,15.141,21.49,9.4785,13.93,76.214,2.0143,11.753,83.704,-1.8134,11.828,82.051,-4.3651,12.423
37.011,15.762,26.174,54.059,13.547,24.282,70.247,9.696,25.624,31.19,11.642,21.879,29.157,13.352,15.069,21.201,9.4117,13.99,75.971,2.0512,11.885,83.509,-1.7031,11.869,82.215,-4.3864,12.737
36.657,15.847,26.187,53.707,13.644,24.256,69.898,9.7898,25.61,30.805,11.71,21.888,28.813,13.304,15.036,20.929,9.398,13.804,75.728,2.0911,12.015,83.332,-1.5918,11.868,82.299,-4.3532,12.858
36.292,15.927,26.261,53.367,13.724,24.243,69.545,9.8598,25.64,30.459,11.759,21.855,28.507,13.24,14.964,20.645,9.3619,13.657,75.46,2.1518,12.094,83.126,-1.4875,11.89,81.817,-4.0935,12.275
35.973,15.992,26.286,52.989,13.775,24.297,69.226,9.9145,25.668,30.158,11.775,21.858,28.174,13.184,14.907,20.372,9.323,13.43,75.178,2.1866,12.183,82.906,-1.3928,11.921,81.85,-4.2265,12.407
35.629,16.064,26.263,52.611,13.839,24.364,68.88,9.9846,25.675,29.799,11.834,21.834,27.879,13.126,14.823,20.101,9.2815,13.332,74.929,2.2295,12.309,82.683,-1.3126,11.943,81.625,-4.1616,12.166
35.277,16.131,26.247,52.277,13.928,24.346,68.502,10.06,25.701,29.434,11.875,21.841,27.542,13.074,14.801,19.823,9.2299,13.173,74.67,2.2859,12.45,82.456,-1.2255,11.949,81.79,-4.3061,12.6
34.908,16.213,26.247,51.973,14.017,24.335,68.136,10.101,25.739,29.163,11.917,21.784,27.253,12.995,14.741,19.561,9.1648,13.03,74.39,2.3175,12.557,82.209,-1.1365,11.944,81.606,-4.1817,12.483
34.535,16.271,26.284,51.661,14.127,24.344,67.799,10.143,25.762,28.798,11.919,21.793,26.949,12.911,14.672,19.292,9.0741,12.884,74.093,2.3763,12.643,81.959,-1.0686,11.951,81.437,-4.1385,12.338
34.205,16.328,26.309,51.334,14.182,24.321,67.447,10.208,25.793,28.473,11.931,21.755,26.633,12.858,14.601,19.017,8.9529,12.737,73.817,2.4067,12.744,81.704,-0.98721,11.931,81.072,-4.1046,12.002
33.875,16.375,26.358,51.049,14.283,24.354,67.116,10.143,25.725,28.106,11.956,21.75,26.338,12.792,14.516,18.75,8.7978,12.723,73.502,2.4528,12.816,81.442,-0.93014,11.922,80.926,-3.9495,11.814
33.489,16.427,26.383,50.685,14.318,24.471,66.755,10.136,25.74,27.742,11.974,21.786,26.006,12.739,14.475,18.529,8.5625,12.817,73.22,2.5085,12.912,81.21,-0.95167,11.873,80.858,-4.0047,12.131
33.126,16.479,26.383,50.274,14.358,24.538,66.41,10.16,25.812,27.387,11.997,21.778,25.724,12.644,14.423,18.275,8.3922,12.85,72.891,2.5847,12.943,80.909,-0.91961,11.904,80.78,-4.1254,12.289
32.743,16.527,26.421,49.886,14.398,24.597,66.065,10.198,25.831,27.062,12.01,21.738,25.438,12.535,14.349,18.049,8.2356,12.701,72.56,2.6359,13.002,80.626,-0.85732,11.895,80.488,-4.0524,12.066
32.417,16.559,26.446,49.574,14.449,24.664,65.688,10.214,25.886,26.712,12.029,21.707,25.139,12.46,14.263,17.816,8.1143,12.525,72.275,2.7213,13.103,80.33,-0.7623,11.862,80.431,-4.1203,12.209
32.055,16.601,26.421,49.275,14.504,24.718,65.328,10.244,25.961,26.353,12.034,21.718,24.828,12.377,14.195,17.541,7.9605,12.351,71.933,2.8054,13.12,80.024,-0.67267,11.814,80.125,-3.9207,11.95
31.696,16.635,26.428,48.858,14.518,24.813,64.948,10.278,26.035,26.037,12.027,21.67,24.503,12.278,14.144,17.275,7.834,12.18,71.582,2.8986,13.126,79.877,-0.54062,11.614,79.851,-3.857,11.826
31.33,16.647,26.5,48.465,14.548,24.899,64.617,10.303,26.047,25.691,12.032,21.639,24.218,12.173,14.066,17.012,7.6888,12.007,71.223,3.0051,13.114,79.556,-0.40486,11.564,79.454,-3.5621,11.355
30.948,16.667,26.515,48.151,14.587,24.961,64.287,10.291,26.104,25.326,12.04,21.621,23.939,12.056,14.023,16.76,7.5293,11.871,70.871,3.1111,13.12,79.207,-0.27745,11.552,79.134,-3.5594,11.057
30.601,16.679,26.529,47.752,14.548,25.124,63.922,10.295,26.152,24.965,12.052,21.567,23.664,11.943,13.936,16.51,7.332,11.754,70.496,3.2516,13.11,78.843,-0.15406,11.547,78.982,-3.5953,11.64
30.267,16.685,26.564,47.399,14.548,25.252,63.556,10.301,26.229,24.645,12.049,21.514,23.385,11.838,13.845,16.287,7.166,11.78,70.125,3.3825,13.063,78.477,-0.035632,11.553,78.692,-3.4572,11.393
29.923,16.699,26.604,47.098,14.59,25.299,63.236,10.27,26.283,24.302,12.024,21.527,23.118,11.724,13.753,15.852,6.9879,11.56,69.739,3.5294,13.013,78.111,0.095063,11.541,78.283,-3.46,11.723
29.533,16.719,26.649,46.76,14.625,25.348,62.88,10.244,26.357,23.985,11.999,21.499,22.857,11.588,13.671,15.865,6.6438,11.751,69.357,3.6984,12.98,77.736,0.24321,11.534,77.916,-3.2929,11.421
29.159,16.721,26.666,46.233,14.527,25.559,62.515,10.208,26.422,23.664,11.98,21.464,22.56,11.465,13.647,15.641,6.541,11.481,68.957,3.8668,12.911,77.325,0.38084,11.548,77.392,-2.9394,10.825
28.788,16.72,26.672,45.961,14.562,25.61,62.148,10.245,26.503,23.313,11.97,21.432,22.299,11.346,13.554,15.409,6.2557,11.236,68.479,4.019,12.803,76.915,0.54824,11.541,76.933,-2.8284,10.761
28.455,16.691,26.687,45.678,14.58,25.669,61.848,10.211,26.53,23.016,11.942,21.349,22.049,11.201,13.545,15.038,5.9649,10.842,68.062,4.1742,12.78,76.509,0.7602,11.487,76.518,-2.7273,11.02
28.107,16.686,26.673,45.224,14.498,25.912,61.517,10.159,26.539,22.659,11.937,21.305,21.8,11.065,13.481,14.89,5.8054,10.756,67.622,4.3497,12.671,76.087,0.94893,11.453,76.093,-2.5242,10.83
27.756,16.674,26.653,44.887,14.48,26.016,61.195,10.24,26.593,22.487,11.908,21.136,21.557,10.914,13.432,14.76,5.6141,10.61,67.15,4.53,12.56,75.638,1.1167,11.431,75.634,-2.3507,10.562
27.375,16.654,26.634,44.544,14.476,26.047,60.978,10.263,26.52,22.225,11.865,21.056,21.311,10.758,13.345,14.704,5.2815,10.675,66.673,4.7398,12.488,75.189,1.2865,11.433,75.141,-2.1447,10.269
26.977,16.644,26.634,44.193,14.447,26.181,60.496,10.133,26.703,21.885,11.818,21.026,21.074,10.588,13.314,14.512,4.8959,10.697,66.18,4.9153,12.356,74.71,1.5037,11.423,74.649,-1.9378,10.284
26.603,16.609,26.639,43.882,14.468,26.263,60.188,10.117,26.729,21.543,11.797,20.979,20.875,10.418,13.199,14.461,4.654,10.775,65.68,5.1135,12.258,74.185,1.8479,11.421,74.145,-1.711,10.298
26.258,16.602,26.623,43.617,14.495,26.212,59.742,10.002,26.875,21.239,11.731,20.918,20.644,10.216,13.177,14.359,4.2309,10.903,65.171,5.3024,12.178,73.691,2.0939,11.381,73.665,-1.4272,9.9916
25.921,16.551,26.63,43.143,14.302,26.424,59.388,9.9596,26.878,20.933,11.671,20.871,20.389,10.041,13.157,14.147,4.06,10.704,64.616,5.5255,12.033,73.186,2.277,11.321,73.133,-1.1601,9.7191
25.561,16.524,26.603,42.824,14.284,26.481,59.028,9.9336,26.921,20.621,11.574,20.845,20.122,9.8715,13.115,14.103,3.5248,10.924,64.084,5.7252,11.939,72.64,2.4992,11.306,72.578,-0.90042,9.464
25.211,16.485,26.577,42.49,14.276,26.514,58.728,9.8893,26.951,20.341,11.485,20.785,19.903,9.643,13.103,13.902,3.4251,10.643,63.541,5.914,11.897,72.104,2.716,11.259,71.981,-0.6637,9.4069
24.846,16.451,26.56,42.098,14.226,26.566,58.45,9.8542,26.873,20.05,11.398,20.715,19.688,9.3931,13.093,13.901,3.0327,10.774,62.967,6.1203,11.792,71.536,2.9201,11.222,71.437,-0.31969,9.1227
24.492,16.402,26.587,41.743,14.18,26.674,58.151,9.8038,26.86,19.716,11.333,20.656,19.503,9.1339,13.024,13.776,2.6872,10.854,62.375,6.3062,11.678,70.954,3.1308,11.147,70.877,-0.082395,9.0842
24.151,16.364,26.532,41.401,14.133,26.779,57.806,9.8317,26.895,19.425,11.218,20.642,19.348,8.8443,12.979,13.592,2.3367,10.793,61.78,6.5291,11.601,70.358,3.3344,11.101,70.253,0.18568,8.8699
23.797,16.31,26.488,41.029,14.093,26.807,57.477,9.799,26.862,19.128,11.098,20.599,19.17,8.5306,12.97,13.478,1.8408,10.92,61.254,6.8512,11.417,69.753,3.5486,11.043,69.669,0.52218,8.5731
23.445,16.252,26.439,40.68,14.077,26.808,57.181,9.7444,26.809,18.812,10.945,20.608,18.963,8.2137,12.994,13.378,1.3083,11.089,60.63,7.0676,11.3,69.28,3.6412,10.87,69.043,0.82483,8.3082
23.094,16.203,26.383,40.303,14.016,26.879,56.832,9.7239,26.824,18.523,10.81,20.574,18.777,7.8668,13.017,13.33,0.90635,11.229,60.002,7.2695,11.242,68.672,3.7872,10.784,68.375,1.102,8.0076
22.745,16.147,26.33,39.944,13.97,26.953,56.517,9.6991,26.835,18.231,10.679,20.521,18.583,7.504,13.056,13.183,0.52634,11.245,59.334,7.4482,11.151,68.024,3.9899,10.718,67.777,1.358,7.8102
22.396,16.087,26.266,39.617,13.927,27.027,56.168,9.664,26.846,17.902,10.512,20.554,18.408,7.1478,13.066,13.048,0.124,11.308,58.672,7.6166,11.096,67.35,4.2087,10.681,67.162,1.5892,7.6133
22.049,16.037,26.196,39.271,13.899,27.056,55.816,9.6257,26.865,17.637,10.332,20.516,18.223,6.7633,13.127,12.961,-0.34167,11.47,57.991,7.7837,11.04,66.656,4.3843,10.646,66.463,1.7853,7.7148
21.7,15.971,26.133,38.935,13.849,27.068,55.445,9.5932,26.893,17.331,10.165,20.51,18.002,6.3974,13.318,12.855,-0.8256,11.612,57.324,7.9559,11.026,65.993,4.5676,10.558,65.815,2.1048,7.6765
21.353,15.893,26.063,38.578,13.809,27.066,55.117,9.5645,26.897,17.002,10.009,20.49,17.833,5.997,13.35,12.745,-1.3119,11.748,56.62,8.1119,10.979,65.14,4.7215,10.643,65.106,2.3076,7.7397
21.002,15.822,25.989,38.183,13.739,27.111,54.804,9.5452,26.875,16.718,9.8053,20.46,17.629,5.6001,13.464,12.642,-1.7969,11.911,55.911,8.2592,10.95,64.493,4.9399,10.521,64.471,2.6336,7.5387
20.672,15.756,25.887,37.825,13.707,27.104,54.461,9.5139,26.844,16.429,9.6084,20.456,17.257,5.1172,13.722,12.5,-2.3568,12.506,55.219,8.3878,11.008,63.749,5.1204,10.503,63.817,2.9843,7.471
20.317,15.677,25.818,37.474,13.665,27.083,54.126,9.459,26.794,16.144,9.4287,20.409,17.117,4.6989,13.79,12.364,-2.8328,12.712,54.507,8.5208,11.015,63.028,5.2873,10.427,63.04,3.1426,7.4362
19.967,15.59,25.738,37.102,13.595,27.104,53.788,9.412,26.771,15.815,9.1964,20.448,16.916,4.2505,13.958,12.23,-3.2703,12.881,53.772,8.6499,11.037,62.31,5.44,10.373,62.274,3.3837,7.1849
19.624,15.49,25.641,36.749,13.536,27.145,53.437,9.3716,26.776,15.54,8.9817,20.417,16.751,3.8218,14.14,12.105,-3.6917,13.128,53.059,8.7594,11.028,61.602,5.566,10.469,61.465,3.4229,6.9484
19.258,15.403,25.529,36.404,13.484,27.148,53.062,9.3414,26.78,15.248,8.8014,20.434,16.612,3.465,14.314,12.076,-4.112,13.487,52.303,8.8723,10.991,60.853,5.7062,10.418,60.657,3.4621,6.7118
18.907,15.308,25.456,36.075,13.427,27.166,52.709,9.3024,26.751,14.974,8.6062,20.426,16.583,3.2844,14.43,12.091,-4.2017,13.494,51.562,8.9461,11.025,60.105,5.8527,10.366,59.908,3.6823,6.5901
18.557,15.208,25.388,35.718,13.344,27.189,52.368,9.2562,26.727,14.404,8.3834,20.73,16.629,3.2895,14.529,12.11,-4.22,13.505,50.811,9.0147,11.088,59.335,5.9939,10.306,59.17,3.9335,6.657
18.213,15.118,25.327,35.372,13.308,27.166,52.019,9.1936,26.707,14.109,8.2631,20.793,16.657,3.3226,14.616,12.122,-4.1896,13.468,50.073,9.0923,11.162,58.684,6.1121,10.141,58.375,4.092,6.5918
17.863,15.043,25.287,35.012,13.241,27.164,51.697,9.1569,26.629,13.869,8.1807,20.798,16.603,3.3765,14.635,12.12,-4.1455,13.416,49.501,9.0357,11.498,57.871,6.1792,10.142,57.48,4.2348,6.4311
17.517,14.954,25.239,34.611,13.159,27.215,51.412,9.1183,26.532,13.681,8.1314,20.756,16.509,3.4236,14.623,12.111,-4.0803,13.276,48.724,9.0544,11.508,57.045,6.3665,10.215,56.657,4.3489,6.5352
17.171,14.89,25.204,34.286,13.097,27.253,51.113,9.1146,26.435,13.48,8.0531,20.762,16.43,3.4268,14.644,12.096,-4.087,13.272,47.963,9.0837,11.602,56.26,6.3694,10.173,55.793,4.5258,6.3215
16.85,14.804,25.203,33.929,13.026,27.278,50.819,9.0776,26.364,13.309,8.009,20.735,16.352,3.4432,14.641,12.089,-4.0889,13.265,47.207,9.0959,11.746,55.403,6.4444,10.096,54.922,4.6864,6.0003
16.514,14.744,25.168,33.594,12.97,27.332,50.293,9.0089,26.579,13.077,7.9768,20.71,16.294,3.4682,14.67,12.08,-4.0833,13.249,46.461,9.1049,11.859,54.741,6.5884,10.107,53.955,4.6679,6.4062
16.175,14.686,25.137,33.27,12.919,27.346,49.912,8.9532,26.585,12.834,7.9519,20.615,16.226,3.4722,14.749,12.078,-4.0851,13.246,45.728,9.1388,11.977,53.793,6.5507,9.7543,52.956,4.6219,6.5315
15.857,14.622,25.15,32.958,12.891,27.389,49.556,8.8753,26.572,12.591,7.9102,20.618,16.184,3.4769,14.814,12.081,-4.0831,13.247,45.008,9.1606,12.117,53.134,6.6681,10.286,52.165,4.6605,6.6305
15.525,14.562,25.117,32.545,12.774,27.536,49.226,8.8388,26.518,12.35,7.8596,20.646,16.141,3.4843,14.928,12.076,-4.0823,13.24,44.277,9.1576,12.248,52.483,6.6075,10.034,51.356,4.7626,6.6167
15.193,14.525,25.105,32.205,12.735,27.592,48.897,8.7675,26.516,12.151,7.7807,20.67,16.064,3.534,14.988,12.074,-4.0779,13.235,43.578,9.1642,12.375,51.748,6.701,9.6977,50.497,4.7637,6.6337
14.877,14.473,25.122,31.884,12.693,27.664,48.553,8.6984,26.494,11.927,7.7663,20.639,15.996,3.5418,15.067,12.072,-4.0793,13.236,42.843,9.1528,12.483,50.885,6.5516,9.6735,49.639,4.7705,6.6531
14.573,14.424,25.137,31.558,12.66,27.75,48.212,8.6606,26.463,11.68,7.7511,20.583,15.891,3.6168,15.128,12.073,-4.0805,13.238,42.138,9.1395,12.629,49.826,6.6845,10.058,48.616,4.7069,7.4817
14.242,14.383,25.116,31.202,12.595,27.86,47.871,8.6007,26.445,11.453,7.7129,20.555,15.85,3.6552,15.167,12.067,-4.0762,13.24,41.475,9.2838,12.917,49.047,6.5304,10.044,47.749,4.7429,7.8683
13.938,14.329,25.135,30.869,12.573,27.93,47.522,8.5416,26.433,11.279,7.6791,20.512,15.806,3.6777,14.959,12.067,-4.0783,13.246,40.784,9.3208,12.955,48.195,6.4945,10.059,46.747,4.6159,8.5304
13.606,14.296,25.124,30.516,12.52,28.053,47.178,8.4992,26.401,11.078,7.6639,20.5,15.706,3.6968,15.091,12.067,-4.0808,13.255,40.067,9.2798,12.712,47.345,6.4344,10.043,45.823,4.6519,8.5518
13.302,14.252,25.157,30.199,12.492,28.149,46.83,8.4327,26.39,10.846,7.6546,20.454,15.597,3.7183,15.188,12.067,-4.0875,13.267,39.428,9.34,13.045,46.579,6.3759,9.9697,44.951,4.6486,8.5212
12.99,14.215,25.179,29.836,12.441,28.29,46.472,8.3926,26.375,10.625,7.6277,20.428,15.502,3.727,15.257,12.063,-4.084,13.271,38.718,9.3246,13.183,45.799,6.3404,9.8963,44.062,4.7369,8.4123
12.638,14.174,25.22,29.483,12.407,28.424,46.128,8.3322,26.361,10.404,7.5845,20.455,15.414,3.7536,15.298,12.059,-4.0817,13.275,38.062,9.3094,13.51,45.006,6.2767,9.8355,43.106,4.7305,8.3858
12.314,14.137,25.217,29.124,12.35,28.58,45.795,8.2919,26.369,10.168,7.5659,20.413,15.307,3.7699,15.345,12.056,-4.0811,13.286,37.44,9.3116,13.464,44.181,6.1967,9.8514,42.172,4.6665,8.1996
12.009,14.098,25.236,28.81,12.338,28.681,45.46,8.2402,26.351,9.9326,7.5507,20.407,15.199,3.8016,15.406,12.052,-4.0792,13.308,36.77,9.2667,14.016,43.373,6.1234,9.7835,41.184,4.618,8.3806
11.706,14.052,25.257,28.514,12.33,28.775,45.121,8.1933,26.334,9.7671,7.5395,20.359,15.087,3.8567,15.457,12.036,-4.0898,13.394,36.197,9.3659,13.903,42.547,6.032,9.7017,40.28,4.6106,8.6573
11.384,14.01,25.247,28.174,12.284,28.902,44.757,8.1503,26.326,9.5828,7.5306,20.28,14.985,3.8723,15.517,12.027,-4.0814,13.386,35.64,9.3388,14.566,41.758,5.9292,9.6519,39.304,4.4877,8.7053
11.305,14.077,25.057,27.765,12.208,29.093,44.407,8.1233,26.311,9.362,7.4879,20.296,14.901,3.8946,15.536,12.021,-4.0774,13.385,35.189,9.3908,14.628,40.986,5.7936,9.4851,38.328,4.3647,8.7532
10.99,14.004,25.078,27.419,12.191,29.201,44.063,8.0825,26.348,9.1392,7.4484,20.297,14.776,3.9192,15.601,12.011,-4.0672,13.38,34.558,9.337,14.965,40.183,5.707,9.4249,37.353,4.2417,8.8012
10.656,13.958,25.085,27.081,12.168,29.306,43.693,8.0195,26.372,8.9012,7.4476,20.234,14.658,3.9571,15.666,11.999,-4.0599,13.369,33.92,9.2811,15.205,39.351,5.6383,9.3633,36.377,4.1187,8.8491
10.356,13.918,25.106,26.728,12.128,29.435,43.354,8.0014,26.351,8.6693,7.4179,20.263,14.528,3.9803,15.728,11.975,-4.0468,13.345,33.355,9.2627,15.479,38.491,5.3859,9.4562,35.402,3.9957,8.8971
10.036,13.879,25.094,26.391,12.122,29.545,43.007,8.0005,26.336,8.5096,7.4217,20.172,14.387,4.0005,15.77,11.968,-4.0408,13.351,32.922,9.4197,15.402,37.737,5.2811,9.3671,34.426,3.8728,8.945
9.7307,13.83,25.11,26.064,12.094,29.657,42.664,7.9825,26.4,8.3427,7.3977,20.158,14.253,4.0021,15.856,11.946,-4.0455,13.313,32.437,9.4239,15.532,36.943,5.1682,9.3441,33.45,3.7498,8.993
9.4182,13.79,25.101,25.719,12.045,29.79,42.287,7.9276,26.51,8.1098,7.3669,20.141,14.126,4.0159,15.915,11.942,-4.0242,13.251,31.832,9.1295,16.159,36.165,5.1118,9.3053,32.475,3.6268,9.0409
9.1093,13.757,25.114,25.325,11.983,29.952,41.874,7.917,26.597,7.9092,7.3065,20.15,13.925,4.0935,15.947,11.938,-4.0199,13.265,31.384,9.1326,16.425,35.11,4.8593,9.5923,31.839,3.6849,8.8806
8.8053,13.706,25.12,25.003,11.97,30.065,41.493,7.9048,26.631,7.7284,7.3133,20.039,13.751,4.0875,16.008,11.916,-3.9991,13.257,30.81,9.0822,16.496,34.237,4.7264,9.6626,30.713,3.4917,9.1846
8.4876,13.668,25.11,24.695,11.971,30.127,41.161,7.9099,26.61,7.4937,7.2889,20.018,13.601,4.0979,16.06,11.873,-3.9558,13.215,30.294,9.0338,16.689,33.357,4.5792,9.7672,29.838,3.4015,9.3411
8.1766,13.64,25.098,24.284,11.914,30.226,40.864,7.8957,26.631,7.253,7.292,19.987,13.427,4.1229,16.141,11.842,-3.9511,13.296,29.756,8.9888,16.849,32.416,4.3796,9.9534,28.788,3.2125,9.6961
7.8703,13.592,25.099,23.908,11.873,30.355,40.552,7.8594,26.673,7.0144,7.2903,19.911,13.269,4.1316,16.186,11.841,-3.939,13.355,29.226,8.9083,17.037,31.584,4.2478,10.055,27.916,3.1616,9.8327
7.5626,13.554,25.1,23.552,11.854,30.446,40.206,7.8727,26.686,6.7952,7.2618,19.881,13.1,4.1539,16.232,11.91,-3.972,13.487,28.707,8.8426,17.22,30.764,4.1532,10.173,26.981,2.9615,10.063
7.2512,13.511,25.081,23.226,11.85,30.517,39.808,7.8676,26.751,6.5874,7.233,19.867,12.931,4.152,16.296,11.897,-3.947,13.496,28.192,8.7604,17.399,29.912,3.9919,10.341,26.476,2.9488,9.9809
6.9436,13.482,25.09,22.848,11.811,30.638,39.448,7.8632,26.868,6.3502,7.2002,19.861,12.745,4.1739,16.365,11.857,-3.9296,13.537,27.696,8.6943,17.578,29.113,3.8262,10.43,25.769,2.9013,10.071
6.6236,13.451,25.066,22.518,11.799,30.741,39.081,7.8521,26.981,6.1062,7.1716,19.866,12.549,4.2076,16.382,11.806,-3.8888,13.497,27.55,8.6238,18.15,28.316,3.6396,10.587,25.371,2.8504,9.8858
6.3182,13.409,25.059,22.183,11.778,30.833,38.757,7.8526,27.043,5.8495,7.1678,19.838,12.36,4.203,16.479,11.722,-3.9126,13.687,26.687,8.4977,17.552,27.547,3.4423,10.765,24.468,2.7094,10.153
6,13.384,25.031,21.825,11.746,30.926,38.412,7.8761,27.058,5.591,7.1709,19.782,12.16,4.2368,16.497,11.683,-3.8771,13.631,26.752,8.3013,18.321,26.785,3.3132,10.918,23.391,2.3077,10.764
5.6777,13.362,25.015,21.433,11.712,30.999,38.049,7.8925,27.084,5.3368,7.1353,19.73,11.93,4.2494,16.523,11.629,-3.842,13.626,26.315,8.1836,18.491,26.007,3.0496,11.153,22.514,2.1362,11.125
5.3682,13.33,25.001,21.091,11.701,31.102,37.659,7.8966,27.134,5.0848,7.0947,19.731,11.673,4.3213,16.481,11.572,-3.7811,13.578,25.794,8.044,18.626,25.25,2.7971,11.393,21.819,1.8902,11.429
5.0522,13.293,24.976,20.758,11.705,31.154,37.295,7.8628,27.265,4.8272,7.0647,19.733,11.436,4.3508,16.551,11.518,-3.7372,13.605,25.245,7.8723,18.826,24.534,2.5629,11.581,21.324,1.6429,11.569
4.7402,13.258,24.96,20.366,11.667,31.235,36.966,7.8658,27.339,4.5577,7.0568,19.732,11.185,4.3695,16.609,11.468,-3.7243,13.658,24.713,7.6695,19.069,23.861,2.3202,11.79,20.295,1.2042,12.259
4.4131,13.236,24.946,19.992,11.637,31.317,36.654,7.8763,27.392,4.2796,7.0372,19.721,10.953,4.3493,16.662,11.396,-3.6761,13.617,24.198,7.4989,19.179,23.187,2.0575,12.03,19.921,0.95157,12.462
4.0965,13.19,24.939,19.618,11.613,31.394,36.284,7.8893,27.421,4.005,6.9884,19.684,10.715,4.2605,16.791,11.336,-3.6413,13.673,23.748,7.3525,19.29,22.536,1.7748,12.27,19.429,0.60796,12.604
3.7702,13.156,24.918,19.271,11.6,31.466,35.891,7.8999,27.477,3.7055,6.9427,19.726,10.444,4.235,16.874,11.267,-3.608,13.758,23.271,7.1936,19.367,21.9,1.4793,12.503,18.697,0.20083,12.994
3.4499,13.114,24.913,18.951,11.621,31.515,35.536,7.9026,27.585,3.4401,6.904,19.733,10.18,4.2287,16.925,11.175,-3.5522,13.697,22.784,6.992,19.452,21.055,1.1116,12.949,18.11,-0.042623,13.214
3.0856,13.094,24.919,18.591,11.62,31.562,35.204,7.9004,27.662,3.1724,6.8484,19.754,9.9085,4.2294,16.973,11.114,-3.5326,13.779,22.152,6.9526,19.365,20.504,0.83818,13.128,17.586,-0.32831,13.393
2.7602,13.047,24.902,18.207,11.579,31.654,34.843,7.9051,27.767,2.877,6.8193,19.72,9.6414,4.2201,17.01,11.023,-3.4879,13.711,21.685,6.7715,19.495,19.95,0.52751,13.342,17.529,-0.37466,13.107
2.4332,12.999,24.893,17.809,11.547,31.714,34.48,7.9168,27.778,2.3481,6.7302,19.886,9.4008,4.1808,17.051,10.91,-3.4142,13.711,21.176,6.5436,19.546,19.411,0.20265,13.609,16.774,-1.0307,13.668
2.1002,12.963,24.867,17.453,11.53,31.779,34.13,7.9402,27.782,2.1005,6.6656,19.808,9.141,4.1277,17.112,10.938,-3.5512,14.052,20.736,6.3736,19.442,18.885,-0.13886,13.831,16.154,-1.4091,14.272
1.7756,12.913,24.859,17.087,11.514,31.815,33.718,7.9435,27.845,1.7771,6.5824,19.782,8.8706,4.0834,17.181,10.796,-3.4939,14.039,20.338,6.2103,19.435,18.408,-0.4756,14.081,15.67,-1.6687,14.561
1.4228,12.88,24.853,16.746,11.509,31.874,33.351,7.9395,27.963,1.5016,6.5374,19.787,8.5937,4.0585,17.233,10.666,-3.4681,14.075,19.966,6.0439,19.441,18.022,-0.76996,14.261,15.271,-1.7956,14.804
1.0596,12.828,24.848,16.374,11.496,31.908,32.992,7.9329,28.061,1.2137,6.4644,19.819,8.3143,4.0421,17.275,10.551,-3.4433,14.116,19.599,5.8918,19.436,17.707,-1.0467,14.406,14.76,-2.0846,15.077
0.73185,12.766,24.847,16.03,11.473,31.962,32.653,7.9148,28.143,0.89135,6.403,19.876,8.0584,3.9909,17.356,10.419,-3.4035,14.179,19.146,5.6398,19.79,17.449,-1.3076,14.528,14.683,-2.0459,15.155
0.38693,12.721,24.816,15.656,11.419,32.032,32.31,7.9169,28.132,0.59484,6.3532,19.818,7.821,3.9087,17.478,10.293,-3.3798,14.23,18.753,5.455,19.9,17.259,-1.5476,14.653,14.606,-2.0073,15.233
0.038051,12.655,24.796,15.235,11.375,32.07,31.941,7.9227,28.144,0.31915,6.3055,19.737,7.5695,3.8636,17.525,10.164,-3.3535,14.324,18.397,5.3386,19.886,17.094,-1.7585,14.773,14.709,-1.9519,14.961
-0.32398,12.583,24.83,14.869,11.373,32.058,31.545,7.9322,28.195,-0.006279,6.2241,19.812,7.2716,3.8562,17.598,10.023,-3.3302,14.37,18.093,5.2757,19.846,16.962,-1.8891,14.776,14.487,-2.163,15.074
-0.67296,12.529,24.799,14.498,11.345,32.055,31.157,7.9029,28.328,-0.31235,6.179,19.845,6.9688,3.8444,17.636,9.881,-3.2895,14.417,17.821,5.2353,19.843,16.848,-1.9622,14.738,14.627,-2.1443,14.812
-1.0129,12.463,24.773,14.104,11.287,32.084,30.798,7.886,28.446,-0.63571,6.0777,19.913,6.6584,3.8309,17.65,9.7423,-3.2668,14.452,17.557,5.2318,19.79,16.79,-1.9739,14.706,14.428,-2.0102,14.911
-1.3621,12.381,24.77,13.741,11.261,32.131,30.396,7.8621,28.501,-0.939,6.0177,19.93,6.3599,3.7725,17.691,9.6798,-3.1464,13.752,17.314,5.2367,19.749,16.74,-1.9891,14.624,14.001,-1.9836,15.135
-1.7344,12.306,24.773,13.382,11.246,32.122,30.046,7.8646,28.513,-1.2494,5.9301,19.902,6.069,3.7145,17.76,9.5378,-3.1519,13.812,17.095,5.2508,19.616,16.713,-2.0082,14.574,14.038,-2.0359,15
-2.089,12.242,24.742,12.998,11.196,32.14,29.728,7.8402,28.56,-1.5713,5.8733,19.855,5.7442,3.6532,17.847,9.3682,-3.1355,13.881,16.62,5.3617,19.063,16.693,-2.0296,14.462,13.909,-2.1565,14.992
-2.4217,12.148,24.727,12.639,11.147,32.194,29.422,7.8088,28.624,-1.915,5.8016,19.923,5.437,3.6328,17.859,9.1711,-3.1306,13.954,16.47,5.3872,18.861,16.676,-2.078,14.4,14.046,-2.0266,14.647
-2.7862,12.064,24.72,12.255,11.089,32.231,29.095,7.789,28.684,-2.2298,5.7278,19.932,5.0981,3.6518,17.812,8.9447,-3.1036,13.914,16.386,5.3791,18.752,16.656,-2.1586,14.281,14.044,-1.9407,14.021
-3.1596,11.98,24.716,11.92,11.06,32.284,28.713,7.7739,28.734,-2.5602,5.6599,19.896,4.7596,3.6721,17.751,8.7022,-3.0925,13.894,16.276,5.3501,18.589,16.604,-2.2593,14.185,13.956,-2.1764,13.931
-3.5397,11.898,24.742,11.556,11.02,32.267,28.38,7.7544,28.818,-2.8802,5.621,19.836,4.4202,3.7026,17.687,8.4571,-3.0749,13.843,16.14,5.2935,18.425,16.535,-2.3516,14.136,13.778,-2.3179,13.888
-3.8891,11.812,24.711,11.142,10.934,32.3,28.025,7.7202,28.932,-3.2338,5.5855,19.798,4.0973,3.7288,17.642,8.1906,-3.0866,13.829,15.981,5.2459,18.257,16.444,-2.4603,14.066,13.597,-2.5581,13.945
-4.2473,11.725,24.688,10.763,10.865,32.316,27.68,7.6977,28.933,-3.5239,5.5393,19.715,3.7482,3.7764,17.557,7.915,-3.1136,13.88,15.824,5.1827,18.067,16.342,-2.5583,14.007,13.616,-2.646,13.759
-4.5894,11.633,24.639,10.431,10.834,32.309,27.315,7.675,28.958,-3.8802,5.4488,19.781,3.383,3.8266,17.45,7.6161,-3.106,13.799,15.663,5.1221,17.856,16.28,-2.647,13.925,13.275,-2.9272,13.962
-4.9344,11.547,24.633,10.062,10.773,32.307,26.961,7.6218,29.074,-4.2032,5.3871,19.795,2.953,3.8489,17.415,7.3048,-3.1128,13.675,15.634,5.1476,18.023,16.231,-2.6108,14.095,13.23,-2.8866,14.128
-5.3178,11.457,24.627,9.6499,10.668,32.358,26.602,7.5945,29.19,-4.5381,5.313,19.723,2.6143,3.6263,17.448,6.9404,-3.1122,13.582,15.606,5.1732,18.19,16.183,-2.5745,14.266,13.186,-2.846,14.295
-5.659,11.376,24.574,9.3181,10.623,32.354,26.28,7.5569,29.244,-4.8891,5.2572,19.675,2.2603,3.5947,17.474,6.5825,-3.1082,13.495,15.577,5.1987,18.357,16.134,-2.5383,14.436,13.142,-2.8054,14.461
-6.0177,11.287,24.533,8.9742,10.556,32.322,25.926,7.5043,29.275,-5.2679,5.2013,19.647,1.9314,3.5785,17.452,6.2282,-3.0906,13.367,15.549,5.2242,18.524,16.085,-2.5021,14.607,13.097,-2.7648,14.627
-6.3587,11.205,24.522,8.6158,10.476,32.305,25.554,7.4453,29.325,-5.6346,5.1763,19.616,1.5686,3.5969,17.383,5.8636,-3.09,13.266,15.52,5.2498,18.69,16.037,-2.4659,14.777,13.053,-2.7242,14.794
-6.7355,11.118,24.527,8.2611,10.395,32.298,25.241,7.4068,29.383,-6.0245,5.1124,19.677,1.2061,3.6325,17.311,5.5125,-3.0607,13.156,15.492,5.2753,18.857,15.988,-2.4297,14.948,13.009,-2.6836,14.96
-7.0817,11.04,24.488,7.9221,10.333,32.308,24.92,7.3584,29.449,-6.3576,5.0816,19.586,0.83956,3.6643,17.221,5.1787,-2.9911,13.004,15.463,5.3008,19.024,15.939,-2.3934,15.118,12.964,-2.643,15.127
-7.4323,10.963,24.447,7.5641,10.252,32.276,24.621,7.3018,29.497,-6.7077,5.0264,19.511,0.46646,3.7333,17.131,4.8754,-2.9174,12.917,15.435,5.3263,19.191,15.891,-2.3572,15.289,12.92,-2.6025,15.293
-7.7671,10.872,24.418,7.2034,10.154,32.265,24.263,7.2313,29.538,-7.0789,4.9625,19.477,0.072582,3.8237,17,4.5323,-2.8562,12.863,15.406,5.3519,19.358,15.842,-2.321,15.459,12.876,-2.5619,15.46
-8.1148,10.794,24.384,6.8961,10.075,32.263,23.939,7.1491,29.621,-7.4366,4.9346,19.392,-0.29095,3.8948,16.889,4.1669,-2.7158,12.68,15.378,5.3774,19.525,15.793,-2.2848,15.63,12.831,-2.5213,15.626
-8.4912,10.72,24.374,6.5648,10.001,32.221,23.626,7.0991,29.678,-7.8225,4.8988,19.371,-0.68494,4.0049,16.786,3.7976,-2.5227,12.437,15.349,5.4029,19.691,15.745,-2.2486,15.801,12.787,-2.4807,15.793
-8.831,10.645,24.335,6.2156,9.9164,32.195,23.248,7.0169,29.748,-8.2181,4.8608,19.421,-1.0926,4.0976,16.741,3.4088,-2.3532,12.172,15.321,5.4285,19.858,15.696,-2.2124,15.971,12.743,-2.4401,15.959
-9.1592,10.557,24.32,5.8971,9.8148,32.199,22.942,6.9363,29.826,-8.592,4.862,19.362,-1.5292,4.2268,16.67,2.9951,-2.171,11.836,15.292,5.454,20.025,15.647,-2.1761,16.142,12.698,-2.3995,16.126
-9.5079,10.482,24.29,5.576,9.74,32.138,22.665,6.8671,29.859,-8.9653,4.8544,19.308,-1.9265,4.3413,16.537,2.503,-2.0512,11.908,15.264,5.4795,20.192,15.599,-2.1399,16.312,12.654,-2.3589,16.292
-9.8761,10.415,24.286,5.2508,9.6612,32.079,22.192,6.8416,30.058,-9.3333,4.8216,19.246,-2.3074,4.463,16.427,2.0185,-1.9047,11.725,15.235,5.505,20.359,15.55,-2.1037,16.483,12.61,-2.3183,16.458
-10.208,10.344,24.25,4.913,9.5719,32.016,21.918,6.8131,30.094,-9.7101,4.7826,19.173,-2.7007,4.5353,16.297,1.5653,-1.6663,11.454,15.207,5.5306,20.526,15.501,-2.0675,16.653,12.565,-2.2777,16.625
-10.54,10.258,24.2,4.5842,9.4878,31.97,21.57,6.6595,30.196,-10.095,4.7818,19.124,-3.1116,4.5859,16.296,1.0833,-1.4862,11.131,15.178,5.5561,20.693,15.453,-2.0313,16.824,12.521,-2.2371,16.791
-10.866,10.183,24.177,4.2865,9.3981,31.946,21.234,6.5499,30.306,-10.483,4.7825,19.069,-3.6954,4.8731,16.05,0.59724,-1.3266,10.917,15.15,5.5816,20.859,15.404,-1.995,16.994,12.477,-2.1966,16.958
-11.208,10.116,24.144,3.9788,9.3294,31.872,20.935,6.4573,30.376,-10.867,4.7958,19.004,-4.1693,4.9795,15.955,0.09501,-1.1764,10.753,15.121,5.6072,21.026,15.355,-1.9588,17.165,12.432,-2.156,17.124
-11.543,10.059,24.106,3.6585,9.2355,31.841,20.616,6.3892,30.398,-11.255,4.7961,18.964,-4.6203,5.0791,15.906,-0.40515,-1.015,10.51,15.093,5.6327,21.193,15.307,-1.9226,17.335,12.388,-2.1154,17.291
-11.866,9.9942,24.089,3.3759,9.1629,31.817,20.327,6.2941,30.471,-11.646,4.7752,18.894,-5.0536,5.1728,15.859,-0.95468,-0.8293,10.22,15.064,5.6582,21.36,15.258,-1.8864,17.506,12.344,-2.0748,17.457
-12.211,9.9246,24.062,3.101,9.0776,31.8,20.051,6.2161,30.521,-12.067,4.7567,18.871,-5.5353,5.3251,15.768,-1.5339,-0.57599,9.8201,15.036,5.6837,21.527,15.209,-1.8502,17.677,12.299,-2.0342,17.624
-12.562,9.872,24.051,2.7753,8.9868,31.742,19.754,6.1039,30.587,-12.46,4.7732,18.795,-6.0811,5.536,15.558,-2.1175,-0.37068,9.5194,15.007,5.7093,21.694,15.161,-1.8139,17.847,12.255,-1.9936,17.79
-12.878,9.8175,24.039,2.4787,8.9255,31.654,19.458,6.044,30.624,-12.983,4.6681,18.952,-6.6041,5.7241,15.357,-2.7106,-0.19444,9.2435,14.979,5.7348,21.86,15.112,-1.7777,18.018,12.211,-1.953,17.957
-13.199,9.7663,24.009,2.1956,8.862,31.567,19.16,5.9656,30.634,-13.405,4.6426,19.006,-7.0569,5.8832,15.177,-3.312,0.007261,8.9632,14.95,5.7603,22.027,15.063,-1.7415,18.188,12.166,-1.9124,18.123
-13.508,9.717,24.001,1.9032,8.7966,31.476,18.883,5.8805,30.698,-13.809,4.6799,18.965,-7.5639,6.0441,15.055,-3.9198,0.19753,8.6939,14.922,5.7859,22.194,15.015,-1.7053,18.359,12.122,-1.8718,18.289
-13.826,9.6825,23.964,1.6065,8.6955,31.461,18.59,5.795,30.77,-14.063,4.7184,18.39,-8.0342,6.1766,14.986,-4.5107,0.35049,8.471,14.893,5.8114,22.361,14.966,-1.6691,18.529,12.078,-1.8312,18.456
-14.136,9.6501,23.974,1.3273,8.6434,31.353,18.315,5.7165,30.831,-14.452,4.7238,18.368,-8.4951,6.2939,14.949,-5.158,0.56403,8.1777,14.865,5.8369,22.528,14.917,-1.6329,18.7,12.033,-1.7906,18.622
-14.439,9.6087,23.96,1.04,8.5719,31.268,18.045,5.6617,30.886,-14.765,4.6774,18.473,-8.9506,6.4497,14.91,-5.8527,0.78203,7.9118,14.836,5.8625,22.695,14.869,-1.5966,18.87,11.989,-1.7501,18.789
-14.752,9.5881,23.915,0.80388,8.5148,31.219,17.747,5.5922,30.936,-15.167,4.7281,18.409,-9.4166,6.581,14.868,-6.5622,1.0014,7.6137,14.808,5.888,22.861,14.82,-1.5604,19.041,11.945,-1.7095,18.955
-15.059,9.5624,23.898,0.5578,8.4437,31.185,17.443,5.5264,30.963,-15.556,4.8083,18.339,-9.9044,6.7329,14.764,-7.2691,1.2028,7.3809,14.779,5.9135,23.028,14.771,-1.5242,19.211,11.9,-1.6689,19.122
-15.363,9.5472,23.894,0.28077,8.3956,31.098,17.161,5.4112,31.013,-15.936,4.8646,18.264,-10.43,6.9349,14.601,-8.0072,1.4427,7.0847,14.751,5.939,23.195,14.723,-1.488,19.382,11.856,-1.6283,19.288
-15.643,9.5153,23.899,-0.026483,8.3151,31.027,16.868,5.3393,31.089,-16.33,4.9401,18.187,-10.954,7.138,14.439,-8.7613,1.673,6.7943,14.722,5.9646,23.362,14.674,-1.4518,19.553,11.811,-1.5877,19.455
-15.942,9.506,23.895,-0.25633,8.2631,30.975,16.583,5.2862,31.133,-16.831,5.1021,17.901,-11.46,7.3323,14.288,-9.5029,1.9085,6.4875,14.694,5.9901,23.529,14.625,-1.4155,19.723,11.767,-1.5471,19.621
-16.241,9.4987,23.869,-0.48517,8.2109,30.906,16.321,5.2236,31.183,-17.254,5.2752,17.639,-11.956,7.5136,14.174,-10.263,2.1479,6.2409,14.665,6.0156,23.696,14.577,-1.3793,19.894,11.723,-1.5065,19.787
-16.522,9.4998,23.864,-0.73276,8.1994,30.78,16.065,5.1405,31.225,-17.711,5.5269,17.523,-12.428,7.6656,14.104,-11.047,2.3897,5.9524,14.637,6.0412,23.863,14.528,-1.3431,20.064,11.678,-1.4659,19.954
-16.802,9.4851,23.865,-0.99125,8.1656,30.659,15.833,5.0722,31.235,-18.101,5.4325,17.561,-12.921,7.847,13.968,-11.855,2.6264,5.7567,14.608,6.0667,24.029,14.479,-1.3069,20.235,11.634,-1.4253,20.12
-17.074,9.4906,23.867,-1.2444,8.1263,30.563,15.578,5.011,31.272,-18.543,5.5736,17.382,-13.42,8.0171,13.847,-12.741,2.7268,5.9133,14.58,6.0922,24.196,14.431,-1.2707,20.405,11.59,-1.3847,20.287
-17.363,9.5036,23.826,-1.4675,8.0913,30.494,15.337,4.9944,31.257,-18.847,5.5898,17.5,-13.89,8.182,13.763,-13.606,2.9197,5.942,14.551,6.1177,24.363,14.382,-1.2345,20.576,11.545,-1.3441,20.453
-17.606,9.5198,23.787,-1.6901,8.0542,30.45,15.049,4.9331,31.267,-19.323,5.7561,17.177,-14.373,8.3733,13.645,-14.415,3.1767,5.7403,14.523,6.1433,24.53,14.333,-1.1982,20.746,11.501,-1.3036,20.62
-17.87,9.522,23.8,-1.9057,8.0238,30.394,14.793,4.8725,31.31,-19.555,5.7542,17.31,-14.857,8.5238,13.544,-15.236,3.4061,5.5296,14.494,6.1688,24.697,14.285,-1.162,20.917,11.457,-1.263,20.786
-18.148,9.533,23.798,-2.1642,8.0076,30.261,14.546,4.8572,31.315,-19.82,5.8308,17.422,-15.371,8.6918,13.417,-16.048,3.6282,5.3676,14.466,6.1943,24.864,14.236,-1.1258,21.087,11.412,-1.2224,20.953
-18.434,9.561,23.744,-2.4193,7.9867,30.149,14.313,4.797,31.327,-20.021,5.795,17.609,-15.878,8.8495,13.29,-16.877,3.8554,5.1903,14.437,6.2199,25.03,14.187,-1.0896,21.258,11.368,-1.1818,21.119
-18.652,9.5884,23.719,-2.6386,7.9707,30.054,14.108,4.7622,31.32,-20.504,5.9855,17.228,-16.366,8.9543,13.23,-17.705,4.048,4.9968,14.409,6.2454,25.197,14.139,-1.0534,21.429,11.324,-1.1412,21.286
-18.911,9.6168,23.718,-2.8376,7.9809,29.961,13.861,4.7091,31.349,-20.793,6.0492,17.317,-16.985,9.0991,13.291,-18.532,4.2657,4.8099,14.38,6.2709,25.364,14.09,-1.0171,21.599,11.279,-1.1006,21.452
-19.158,9.6322,23.708,-3.0102,7.9938,29.846,13.588,4.6735,31.366,-20.964,5.8699,17.681,-17.559,9.2255,13.278,-19.416,4.4141,4.9676,14.352,6.2965,25.531,14.041,-0.98092,21.77,11.235,-1.06,21.618
-19.391,9.6727,23.673,-3.2115,7.9885,29.757,13.352,4.672,31.309,-21.221,5.9469,17.903,-18.138,9.3982,13.197,-20.281,4.5745,5.1188,14.323,6.322,25.698,13.993,-0.9447,21.94,11.191,-1.0194,21.785
-19.646,9.7072,23.681,-3.4278,8.0163,29.62,13.124,4.6559,31.28,-21.481,5.9319,18.017,-18.717,9.5399,13.147,-21.095,4.7203,5.1918,14.295,6.3475,25.865,13.944,-0.90848,22.111,11.146,-0.97883,21.951
-19.86,9.7509,23.651,-3.68,8.0178,29.485,12.88,4.6051,31.319,-21.937,6.2297,17.762,-19.244,9.6451,13.122,-21.894,4.851,4.9268,14.266,6.373,26.032,13.895,-0.87227,22.281,11.102,-0.93824,22.118
-20.119,9.783,23.641,-3.8849,8.0187,29.386,12.644,4.5586,31.343,-22.232,6.1976,17.744,-19.275,9.6051,12.54,-22.831,4.9871,4.6697,14.238,6.3986,26.198,13.847,-0.83605,22.452,11.058,-0.89765,22.284
-20.386,9.8348,23.613,-4.0784,8.0481,29.286,12.438,4.5394,31.327,-22.54,6.2722,17.784,-19.789,9.6362,12.552,-23.718,5.1539,4.4791,14.209,6.4241,26.365,13.798,-0.79983,22.622,11.013,-0.85706,22.451
-20.603,9.8949,23.558,-4.2579,8.0689,29.194,12.231,4.5364,31.277,-22.894,6.3401,17.754,-20.288,9.6883,12.428,-24.661,5.2832,4.4177,14.181,6.4496,26.532,13.749,-0.76361,22.793,10.969,-0.81647,22.617
-20.814,9.9287,23.521,-4.449,8.0846,29.106,12.037,4.5156,31.257,-23.285,6.4185,17.663,-20.82,9.7647,12.386,-25.544,5.4234,4.4265,14.152,6.4752,26.699,13.701,-0.72739,22.963,10.925,-0.77588,22.784
-21.056,9.9667,23.517,-4.6338,8.081,29.031,11.829,4.4919,31.246,-23.672,6.5458,17.514,-21.391,9.8936,12.266,-26.224,5.6436,4.8748,14.124,6.5007,26.866,13.652,-0.69117,23.134,10.88,-0.73529,22.95
-21.304,10.006,23.521,-4.8269,8.0861,28.941,11.577,4.4992,31.25,-23.999,6.6013,17.521,-21.903,9.9763,12.143,-26.965,5.7735,4.9203,14.095,6.5262,27.033,13.603,-0.65496,23.305,10.836,-0.6947,23.117
-21.501,10.05,23.487,-5.0241,8.138,28.788,11.31,4.4742,31.237,-23.869,7.1033,17.373,-22.392,10.014,12.069,-27.686,5.7812,5.1377,14.067,6.5517,27.199,13.555,-0.61874,23.475,10.792,-0.65411,23.283
-21.699,10.1,23.466,-5.2033,8.2018,28.614,11.098,4.5082,31.221,-23.805,7.2089,17.128,-22.871,10.05,12.011,-28.291,5.8726,5.3099,14.038,6.5773,27.366,13.506,-0.58252,23.646,10.747,-0.61352,23.449
-21.941,10.142,23.474,-5.3843,8.2362,28.51,10.864,4.4799,31.248,-23.823,7.4105,16.835,-23.337,10.071,11.953,-29.031,5.9064,5.3416,14.01,6.6028,27.533,13.457,-0.5463,23.816,10.703,-0.57293,23.616
-22.176,10.18,23.481,-5.5647,8.2619,28.405,10.674,4.4657,31.219,-23.969,7.5084,16.678,-23.668,10.126,11.764,-29.6,5.8304,5.7632,13.981,6.6283,27.7,13.409,-0.51008,23.987,10.659,-0.53234,23.782
-22.374,10.234,23.443,-5.7318,8.3117,28.228,10.493,4.4665,31.145,-24.132,7.5602,16.521,-24.115,10.124,11.695,-30.306,5.7832,6.1365,13.953,6.6539,27.867,13.36,-0.47386,24.157,10.614,-0.49175,23.949
-22.575,10.291,23.399,-5.9001,8.3405,28.131,10.305,4.4338,31.11,-24.454,7.4644,16.593,-24.456,10.067,11.447,-30.99,5.7203,6.4707,13.924,6.6794,28.034,13.311,-0.43764,24.328,10.57,-0.45115,24.115
-22.782,10.331,23.374,-6.1144,8.3572,28.039,10.1,4.4249,31.096,-24.657,7.6391,16.424,-24.912,10.071,11.37,-31.592,5.8432,6.6809,13.896,6.7049,28.201,13.263,-0.40143,24.498,10.526,-0.41056,24.282
-23.015,10.382,23.367,-6.2955,8.4098,27.903,9.8936,4.4504,31.052,-25.473,7.447,16.901,-25.387,10.072,11.319,-32.243,5.8143,6.8293,13.867,6.7305,28.367,13.214,-0.36521,24.669,10.481,-0.36997,24.448
-23.249,10.425,23.396,-6.4609,8.4532,27.819,9.6877,4.486,30.983,-25.854,7.4219,16.992,-25.875,10.066,11.275,-32.885,5.7402,7.2379,13.839,6.756,28.534,13.165,-0.32899,24.84,10.437,-0.32938,24.615
-23.47,10.47,23.392,-6.6451,8.4773,27.725,9.4864,4.5075,30.92,-26.18,7.4574,17.039,-26.357,10.072,11.212,-33.505,5.61,7.6658,13.81,6.7815,28.701,13.117,-0.29277,25.01,10.393,-0.28879,24.781
-23.662,10.523,23.369,-6.835,8.5022,27.596,9.315,4.5161,30.871,-26.421,7.5319,16.8,-26.816,10.048,11.206,-34.092,5.4774,7.9264,13.782,6.807,28.868,13.068,-0.25655,25.181,10.348,-0.2482,24.948
-23.834,10.574,23.381,-6.9862,8.5535,27.481,9.123,4.5274,30.809,-26.764,7.6101,16.818,-27.242,9.9983,11.199,-34.578,5.3611,8.1772,13.753,6.8326,29.035,13.019,-0.22033,25.351,10.304,-0.20761,25.114
-24.021,10.632,23.349,-7.1488,8.6155,27.356,8.9502,4.5252,30.763,-26.995,7.5618,16.793,-27.623,10.102,11.201,-35.029,5.2462,8.4092,13.725,6.8581,29.202,12.971,-0.18412,25.522,10.26,-0.16702,25.28
-24.207,10.679,23.321,-7.3099,8.6566,27.238,8.768,4.5691,30.706,-27.484,7.5658,16.959,-27.989,10.083,11.139,-35.511,5.1011,8.5873,13.696,6.8836,29.368,12.922,-0.1479,25.692,10.215,-0.12643,25.447
-24.433,10.719,23.34,-7.4895,8.7139,27.116,8.5935,4.5749,30.66,-27.67,7.6911,16.842,-28.394,10.06,11.082,-35.905,5.036,8.6728,13.668,6.9092,29.535,12.873,-0.11168,25.863,10.171,-0.085839,25.613
-24.661,10.751,23.36,-7.664,8.76,27.022,8.3861,4.5859,30.602,-27.95,7.6683,16.786,-28.822,9.9929,11.093,-36.3,4.9063,8.6981,13.639,6.9347,29.702,12.825,-0.07546,26.033,10.126,-0.045248,25.78
-24.84,10.807,23.341,-7.8255,8.7896,26.947,8.0905,4.5723,30.677,-28.149,7.6125,16.708,-29.232,9.9664,11.071,-36.688,4.7531,8.7894,13.611,6.9602,29.869,12.776,-0.039241,26.204,10.082,-0.0046578,25.946
-25.003,10.854,23.35,-7.9762,8.8368,26.842,7.9525,4.6765,30.499,-28.652,7.6496,17.111,-29.625,9.9298,11.084,-37.136,4.5071,9.1344,13.582,6.9857,30.036,12.727,-0.0030228,26.374,10.038,0.035933,26.113
-25.191,10.899,23.332,-8.1104,8.9004,26.723,7.8075,4.7323,30.376,-28.681,7.7522,16.961,-29.987,9.8644,11.085,-37.102,4.6917,9.1171,13.554,7.0113,30.203,12.679,0.033196,26.545,9.9935,0.076523,26.279
-25.414,10.941,23.361,-8.3138,8.9624,26.581,7.639,4.7254,30.316,-29.142,7.6006,17.198,-30.306,9.7828,11.111,-37.506,4.4102,9.6483,13.525,7.0368,30.37,12.63,0.069414,26.716,9.9491,0.11711,26.446
-25.638,10.993,23.375,-8.4987,8.9789,26.526,7.4618,4.7309,30.281,-29.554,7.1778,17.617,-30.615,9.696,11.112,-37.778,4.2534,9.6088,13.497,7.0623,30.536,12.581,0.10563,26.886,9.9048,0.1577,26.612
-25.791,11.029,23.397,-8.6623,9.0256,26.448,7.2632,4.7887,30.242,-29.697,7.3159,17.569,-30.919,9.6251,11.083,-38.019,4.1629,9.7543,13.468,7.0879,30.703,12.533,0.14185,27.057,9.8604,0.1983,26.779
-25.971,11.086,23.375,-8.8318,9.0748,26.357,6.9857,4.7612,30.238,-29.876,7.3818,17.352,-31.199,9.5493,11.071,-38.261,4.0502,9.7523,13.44,7.1134,30.87,12.484,0.17807,27.227,9.8161,0.23889,26.945
-26.152,11.134,23.35,-8.9826,9.129,26.248,6.8074,4.8041,30.131,-30.201,7.4638,17.368,-31.457,9.4608,11.052,-38.501,3.8976,9.7431,13.411,7.1389,31.037,12.435,0.21429,27.398,9.7718,0.27948,27.111
-26.322,11.179,23.34,-9.169,9.1817,26.138,6.6149,4.8531,30.071,-30.487,7.4983,17.417,-31.527,9.2795,11.187,-38.745,3.7324,9.8052,13.383,7.1645,31.204,12.387,0.25051,27.568,9.7274,0.32007,27.278
-26.516,11.216,23.401,-9.3436,9.2202,26.053,6.4209,4.8472,30.046,-30.495,7.7082,17.173,-31.783,9.1811,11.163,-38.968,3.5802,9.8694,13.354,7.19,31.371,12.338,0.28673,27.739,9.6831,0.36066,27.444
-26.733,11.264,23.431,-9.4968,9.2693,25.986,6.2418,4.8922,29.972,-30.719,7.7163,17.163,-31.983,9.1003,11.124,-39.048,3.5512,9.7496,13.326,7.2155,31.537,12.289,0.32294,27.909,9.6387,0.40125,27.611
-26.907,11.312,23.429,-9.6532,9.3206,25.892,6.0704,4.9482,29.904,-30.933,7.7528,17.131,-32.181,9.0027,11.055,-39.212,3.4895,9.7042,13.297,7.241,31.704,12.241,0.35916,28.08,9.5944,0.44184,27.777
-27.07,11.357,23.453,-9.7939,9.3807,25.801,5.9099,4.9735,29.852,-31.201,7.6338,17.305,-32.367,8.9112,11.002,-39.382,3.4031,9.6627,13.269,7.2666,31.871,12.192,0.39538,28.25,9.55,0.48243,27.944
-27.243,11.393,23.44,-9.9599,9.4249,25.737,5.7668,4.9934,29.785,-31.336,7.6392,17.38,-32.538,8.8232,10.959,-39.554,3.2775,9.6223,13.24,7.2921,32.038,12.143,0.4316,28.421,9.5057,0.52302,28.11
-27.455,11.444,23.468,-10.139,9.4721,25.665,5.5756,5.0198,29.722,-31.433,7.6502,17.451,-32.696,8.7379,10.926,-39.705,3.1748,9.6172,13.212,7.3176,32.205,12.095,0.46782,28.592,9.4614,0.56361,28.277
-27.65,11.486,23.547,-10.326,9.5179,25.605,5.3973,5.0826,29.654,-31.61,7.6316,17.531,-32.868,8.6412,10.882,-39.851,3.0649,9.5525,13.183,7.3432,32.372,12.046,0.50404,28.762,9.417,0.6042,28.443
-27.82,11.525,23.527,-10.512,9.5587,25.555,5.2443,5.1091,29.603,-31.781,7.6518,17.28,-33.012,8.5293,10.856,-39.977,2.9685,9.4574,13.155,7.3687,32.539,11.997,0.54025,28.933,9.3727,0.64479,28.61
-27.989,11.573,23.511,-10.679,9.6122,25.492,5.0832,5.1371,29.571,-31.918,7.6546,17.13,-33.154,8.4273,10.849,-40.096,2.8751,9.3876,13.126,7.3942,32.705,11.949,0.57647,29.103,9.3283,0.68538,28.776
-28.135,11.605,23.531,-10.836,9.6668,25.427,4.8839,5.1918,29.519,-32.108,7.6537,17.092,-33.299,8.3468,10.784,-40.223,2.8249,9.211,13.098,7.4197,32.872,11.9,0.61269,29.274,9.284,0.72597,28.942
-28.302,11.657,23.505,-10.986,9.727,25.35,4.7008,5.2512,29.466,-32.277,7.6789,17.06,-33.452,8.2597,11.071,-40.3,2.5974,9.217,13.069,7.4453,33.039,11.851,0.64891,29.444,9.2396,0.76656,29.109
-28.47,11.696,23.475,-11.11,9.7842,25.248,4.5371,5.3248,29.398,-32.434,7.7085,17.017,-33.59,8.1573,11.182,-40.418,2.5192,9.0774,13.041,7.4708,33.206,11.803,0.68513,29.615,9.1953,0.80715,29.275
-28.645,11.737,23.489,-11.253,9.8341,25.183,4.399,5.3587,29.354,-32.588,7.7057,16.967,-33.721,8.0534,11.171,-40.518,2.4242,9.0112,13.012,7.4963,33.373,11.754,0.72135,29.785,9.151,0.84775,29.442
-28.833,11.777,23.545,-11.393,9.8917,25.095,4.2511,5.3922,29.306,-32.797,7.6803,17.074,-33.875,7.9844,11.086,-40.62,2.3312,8.8974,12.984,7.5219,33.54,11.705,0.75757,29.956,9.1066,0.88834,29.608
-29.009,11.807,23.606,-11.507,9.9609,25.004,4.0907,5.4565,29.227,-32.955,7.6574,17.171,-34.012,7.8863,11.022,-40.735,2.2514,8.7998,12.955,7.5474,33.706,11.657,0.79378,30.126,9.0623,0.92893,29.775
-29.178,11.855,23.579,-11.664,10.014,24.923,3.892,5.5136,29.195,-33.145,7.5006,17.352,-34.135,7.7705,11.031,-40.843,2.1296,8.6741,12.927,7.5729,33.873,11.608,0.83,30.297,9.0179,0.96952,29.941
-29.345,11.889,23.555,-11.839,10.051,24.878,3.6924,5.5722,29.173,-33.263,7.5176,17.406,-34.267,7.6664,11.026,-40.937,2.023,8.6009,12.898,7.5985,34.04,11.559,0.86622,30.468,8.9736,1.0101,30.108
-29.511,11.925,23.537,-12.093,10.03,24.894,3.5518,5.6092,29.131,-33.396,7.5459,17.462,-34.405,7.5726,10.989,-41.029,1.9013,8.5536,12.87,7.624,34.207,11.511,0.90244,30.638,8.9293,1.0507,30.274
-29.652,11.949,23.554,-12.347,10.028,24.897,3.4233,5.641,29.073,-33.961,7.4692,17.772,-34.54,7.4824,10.949,-41.123,1.781,8.4898,12.841,7.6495,34.374,11.462,0.93866,30.809,8.8849,1.0913,30.44
-29.815,11.984,23.522,-12.51,10.067,24.865,3.23,5.6934,29.041,-34.001,7.556,17.628,-34.666,7.3685,10.901,-41.217,1.639,8.3889,12.813,7.675,34.541,11.413,0.97488,30.979,8.8406,1.1319,30.607
-29.983,12.012,23.49,-12.666,10.102,24.805,3.0287,5.7468,29.016,-34.176,7.4782,17.713,-34.801,7.2541,10.897,-41.347,1.4464,8.3496,12.784,7.7006,34.707,11.365,1.0111,31.15,8.7962,1.1725,30.773
-30.154,12.053,23.481,-12.818,10.144,24.739,2.8594,5.7665,29.001,-34.38,7.4473,17.749,-34.935,7.1308,10.867,-41.431,1.268,8.3775,12.756,7.7261,34.874,11.316,1.0473,31.32,8.7519,1.2131,30.94
-30.299,12.072,23.501,-12.971,10.195,24.666,2.6975,5.792,28.974,-34.543,7.4258,17.697,-35.06,7.0012,10.827,-41.522,1.0873,8.3626,12.727,7.7516,35.041,11.267,1.0835,31.491,8.7075,1.2537,31.106
-30.458,12.112,23.466,-13.125,10.233,24.605,2.5627,5.875,28.897,-34.687,7.394,17.651,-35.184,6.8752,10.798,-41.589,0.93044,8.3474,12.699,7.7772,35.208,11.219,1.1198,31.661,8.6632,1.2942,31.273
-30.615,12.135,23.43,-13.276,10.274,24.565,2.4191,5.9377,28.804,-34.913,7.4304,17.824,-35.323,6.7576,10.78,-41.683,0.72909,8.3623,12.67,7.8027,35.375,11.17,1.156,31.832,8.6189,1.3348,31.439
-30.755,12.141,23.442,-13.41,10.322,24.496,2.2471,5.9923,28.763,-35.091,7.4432,17.92,-35.482,6.6584,10.741,-41.763,0.55651,8.2825,12.642,7.8282,35.542,11.121,1.1922,32.002,8.5745,1.3754,31.606
-30.929,12.173,23.415,-13.585,10.355,24.451,2.0864,6.0074,28.75,-35.279,7.4399,17.887,-35.615,6.5167,10.726,-41.832,0.37605,8.2855,12.613,7.8537,35.709,11.073,1.2284,32.173,8.5302,1.416,31.772
-31.132,12.203,23.434,-13.749,10.374,24.433,1.9271,6.0215,28.743,-35.276,7.3859,17.73,-35.75,6.3775,10.688,-41.919,0.17201,8.3081,12.585,7.8793,35.875,11.024,1.2646,32.344,8.4858,1.4566,31.939
-31.293,12.227,23.402,-13.905,10.384,24.467,1.7887,6.0082,28.775,-35.466,7.3666,17.706,-35.873,6.23,10.66,-42.007,-0.047023,8.3646,12.556,7.9048,36.042,10.975,1.3008,32.514,8.4415,1.4972,32.105
-31.438,12.235,23.411,-14.097,10.359,24.565,1.6072,6.0288,28.731,-35.647,7.3122,17.681,-35.993,6.0636,10.652,-42.081,-0.14336,8.2368,12.528,7.9303,36.209,10.927,1.3371,32.685,8.3972,1.5378,32.271
-31.606,12.26,23.382,-14.285,10.375,24.538,1.4205,6.0648,28.702,-35.843,7.2773,17.942,-36.109,5.887,10.708,-42.119,-0.28885,8.191,12.499,7.9559,36.376,10.878,1.3733,32.855,8.3528,1.5784,32.438
-31.777,12.271,23.344,-14.437,10.405,24.491,1.2414,6.0615,28.711,-36.04,7.2569,18.178,-36.235,5.7363,10.706,-42.184,-0.55814,8.286,12.471,7.9814,36.543,10.829,1.4095,33.026,8.3085,1.619,32.604
-31.935,12.277,23.31,-14.572,10.438,24.443,1.0641,6.0358,28.805,-36.234,7.2196,18.298,-36.352,5.5872,10.605,-42.285,-0.748,8.2787,12.442,8.0069,36.71,10.781,1.4457,33.196,8.2641,1.6596,32.771
-32.085,12.287,23.315,-14.724,10.467,24.393,0.91001,6.0365,28.782,-36.356,7.2172,17.398,-36.454,5.407,10.685,-42.36,-1.0209,8.2258,12.414,8.0324,36.876,10.732,1.4819,33.367,8.2198,1.7001,32.937
-32.253,12.293,23.291,-14.884,10.492,24.351,0.75063,6.0669,28.721,-36.415,7.2087,17.297,-36.571,5.2638,10.713,-42.435,-1.2793,8.1848,12.385,8.058,37.043,10.683,1.5182,33.537,8.1754,1.7407,33.104
-32.452,12.29,23.3,-15.049,10.502,24.331,0.6074,6.1136,28.649,-36.557,7.0965,17.521,-36.674,5.11,10.617,-42.477,-1.5168,8.175,12.357,8.0835,37.21,10.635,1.5544,33.708,8.1311,1.7813,33.27
-32.613,12.289,23.27,-15.209,10.483,24.383,0.45065,6.1122,28.653,-36.704,7.0606,17.468,-36.748,4.9371,10.664,-42.529,-1.7678,8.151,12.328,8.109,37.377,10.586,1.5906,33.878,8.0868,1.8219,33.437
-32.764,12.295,23.28,-15.357,10.459,24.464,0.31217,6.0741,28.695,-36.872,6.9924,17.494,-36.843,4.7603,10.585,-42.516,-1.9424,8.1581,12.3,8.1346,37.544,10.537,1.6268,34.049,8.0424,1.8625,33.603
-32.93,12.292,23.246,-15.555,10.41,24.566,0.16979,6.0373,28.761,-37.029,7.001,17.332,-36.94,4.6103,10.468,-42.543,-2.1636,8.1913,12.271,8.1601,37.711,10.489,1.663,34.22,7.9981,1.9031,33.77
-33.096,12.276,23.205,-15.758,10.398,24.561,-0.020366,6.0188,28.793,-37.176,6.9258,17.469,-37.028,4.4658,10.494,-42.58,-2.3921,8.2101,12.243,8.1856,37.878,10.44,1.6992,34.39,7.9537,1.9437,33.936
-33.264,12.273,23.17,-15.917,10.406,24.532,-0.20048,5.9932,28.786,-37.295,6.9174,17.262,-37.094,4.3035,10.452,-42.599,-2.6266,8.2069,12.214,8.2112,38.044,10.391,1.7355,34.561,7.9094,1.9843,34.102
-33.429,12.261,23.131,-16.077,10.418,24.504,-0.38941,6.005,28.762,-37.438,6.9002,17.075,-37.158,4.1262,10.458,-42.622,-2.8658,8.1738,12.186,8.2367,38.211,10.343,1.7717,34.731,7.865,2.0249,34.269
-33.596,12.252,23.106,-16.233,10.413,24.458,-0.5728,6.031,28.74,-37.54,6.8029,16.843,-37.218,3.9775,10.42,-42.557,-3.0117,8.1355,12.157,8.2622,38.378,10.294,1.8079,34.902,7.8207,2.0655,34.435
-33.737,12.219,23.116,-16.402,10.417,24.44,-0.73061,6.0161,28.725,-37.668,6.7581,16.737,-37.294,3.847,10.366,-42.477,-3.1761,8.1119,12.129,8.2877,38.545,10.245,1.8441,35.072,7.7764,2.1061,34.602
-33.907,12.205,23.077,-16.601,10.402,24.468,-0.85481,5.9817,28.756,-37.785,6.6989,16.646,-37.341,3.6986,10.335,-42.43,-3.4868,8.2088,12.1,8.3133,38.712,10.197,1.8803,35.243,7.732,2.1466,34.768
-34.068,12.167,23.034,-16.749,10.368,24.543,-0.98394,5.9561,28.809,-37.915,6.6629,16.559,-37.439,3.6102,10.146,-42.4,-3.7299,8.1869,12.072,8.3388,38.879,10.148,1.9166,35.413,7.6877,2.1872,34.935
-34.233,12.146,23.005,-16.915,10.309,24.614,-1.1536,5.9446,28.828,-38.028,6.6009,16.471,-37.474,3.4491,10.098,-42.363,-3.9556,8.1871,12.043,8.3643,39.045,10.099,1.9528,35.584,7.6433,2.2278,35.101
-34.401,12.115,22.961,-17.122,10.259,24.641,-1.3504,5.926,28.854,-38.161,6.564,16.387,-37.482,3.2738,10.073,-42.342,-4.1614,8.129,12.015,8.3899,39.212,10.051,1.989,35.754,7.599,2.2684,35.268
-34.564,12.095,22.937,-17.278,10.256,24.617,-1.5284,5.9292,28.822,-38.269,6.4995,16.313,-37.469,3.118,10.12,-42.33,-4.3611,8.1549,11.986,8.4154,39.379,10.002,2.0252,35.925,7.5547,2.309,35.434
